A1,A2,A3,A5,A6,A7,A8,A9,A10,A11,Result
a11,a21,a31,a51,a61,a71,a81,a91,aa1,ab1,0
a11,a21,a31,a51,a61,a71,a81,a91,aa1,ab1,0
a11,a21,a31,a51,a62,a71,a81,a92,aa2,ab2,1
a11,a21,a31,a51,a61,a71,a81,a91,aa1,ab1,0
a11,a21,a31,a51,a62,a71,a81,a92,aa2,ab1,1
a11,a21,a31,a51,a61,a71,a82,a93,aa2,ab1,1
a12,a22,a31,a51,a61,a71,a81,a91,aa1,ab1,0
a12,a22,a31,a51,a61,a71,a81,a91,aa1,ab1,0
a12,a22,a31,a51,a61,a72,a81,a91,aa1,ab1,0
a11,a21,a32,a51,a61,a71,a81,a91,aa1,ab1,0
a11,a21,a31,a51,a62,a71,a81,a92,aa2,ab1,1
a11,a21,a32,a51,a61,a71,a82,a93,aa2,ab1,1
a11,a21,a31,a51,a61,a71,a81,a91,aa1,ab1,0
a11,a21,a31,a51,a61,a71,a81,a91,aa1,ab1,0
a11,a21,a31,a51,a63,a71,a81,a91,aa1,ab1,0
a11,a21,a31,a51,a61,a71,a81,a91,aa1,ab1,0
a11,a21,a32,a51,a61,a71,a81,a91,aa1,ab1,0
a11,a21,a32,a51,a61,a71,a82,a93,aa2,ab1,1
a11,a21,a31,a51,a61,a71,a81,a91,aa1,ab1,0
a11,a21,a31,a51,a61,a71,a81,a91,aa1,ab1,0
a11,a21,a31,a51,a61,a71,a81,a91,aa1,ab1,0
a11,a22,a31,a51,a61,a71,a81,a91,aa1,ab1,0
a11,a22,a31,a51,a61,a71,a81,a91,aa1,ab1,0
a11,a21,a31,a51,a62,a71,a81,a92,aa2,ab1,1
a11,a21,a31,a51,a61,a71,a81,a91,aa1,ab1,0
a11,a21,a31,a51,a61,a71,a82,a93,aa2,ab1,1
a11,a21,a32,a51,a61,a71,a81,a91,aa1,ab1,0
a11,a21,a31,a51,a62,a71,a81,a92,aa2,ab2,1
a11,a21,a31,a51,a61,a71,a81,a91,aa1,ab1,0
a11,a22,a31,a51,a61,a71,a81,a91,aa1,ab1,0
a11,a21,a31,a51,a62,a71,a81,a92,aa2,ab2,1
a11,a22,a31,a51,a61,a71,a81,a91,aa1,ab1,0
a11,a21,a31,a51,a62,a71,a81,a92,aa2,ab1,1
a11,a21,a31,a51,a61,a71,a81,a91,aa1,ab1,0
a11,a21,a31,a51,a61,a71,a81,a91,aa1,ab1,0
a11,a21,a31,a51,a62,a71,a81,a92,aa2,ab1,1
a11,a21,a31,a51,a61,a71,a81,a91,aa1,ab1,0
a11,a21,a31,a51,a61,a71,a82,a93,aa2,ab1,1
a11,a21,a31,a51,a62,a71,a81,a92,aa2,ab1,1
a11,a21,a32,a51,a61,a71,a82,a93,aa2,ab1,1
a11,a21,a31,a51,a61,a71,a81,a91,aa1,ab1,0
a11,a21,a31,a51,a61,a71,a82,a93,aa2,ab1,1
a11,a22,a31,a51,a61,a71,a81,a91,aa1,ab1,0
a11,a21,a32,a51,a61,a71,a81,a91,aa1,ab1,0
a11,a21,a31,a51,a62,a71,a81,a92,aa2,ab1,1
a11,a21,a31,a51,a62,a71,a81,a92,aa2,ab1,1
a11,a21,a31,a51,a61,a71,a81,a91,aa1,ab1,0
a11,a21,a32,a51,a61,a71,a82,a93,aa2,ab1,1
a11,a21,a31,a51,a62,a71,a81,a92,aa2,ab1,1
a11,a21,a32,a51,a61,a71,a81,a91,aa1,ab1,0
a11,a21,a31,a51,a62,a71,a81,a92,aa2,ab2,1
a11,a21,a31,a51,a61,a71,a81,a91,aa1,ab1,0
a11,a21,a32,a51,a61,a71,a81,a91,aa1,ab1,0
a11,a21,a31,a51,a61,a71,a81,a91,aa1,ab1,0
a11,a21,a31,a51,a61,a71,a81,a91,aa1,ab1,0
a11,a21,a31,a51,a61,a71,a81,a91,aa1,ab1,0
a11,a21,a31,a51,a62,a71,a81,a92,aa2,ab1,1
a11,a21,a31,a51,a62,a71,a81,a92,aa2,ab1,1
a11,a21,a31,a51,a61,a71,a81,a91,aa1,ab1,0
a11,a21,a31,a51,a61,a71,a81,a91,aa1,ab1,0
a12,a22,a31,a51,a61,a71,a82,a91,aa1,ab1,0
a11,a21,a31,a51,a62,a71,a81,a92,aa2,ab2,1
a11,a21,a31,a51,a62,a71,a81,a92,aa2,ab1,1
a11,a22,a31,a51,a61,a71,a81,a91,aa1,ab1,0
a11,a21,a31,a51,a61,a71,a81,a91,aa1,ab1,0
a11,a21,a31,a51,a61,a71,a82,a93,aa2,ab1,1
a11,a21,a31,a51,a62,a71,a81,a92,aa2,ab2,1
a11,a21,a32,a51,a61,a71,a82,a93,aa2,ab1,1
a11,a21,a32,a51,a61,a71,a82,a93,aa2,ab1,1
a11,a22,a31,a51,a61,a71,a81,a91,aa1,ab1,0
a11,a21,a31,a51,a61,a71,a81,a91,aa1,ab1,0
a12,a23,a31,a51,a61,a73,a81,a91,aa1,ab1,0
a11,a21,a31,a51,a62,a71,a81,a92,aa2,ab1,1
a11,a21,a31,a51,a62,a71,a81,a92,aa2,ab1,1
a11,a21,a31,a51,a61,a71,a82,a93,aa2,ab1,1
a11,a22,a31,a51,a61,a71,a81,a91,aa1,ab1,0
a11,a21,a31,a51,a62,a71,a81,a92,aa2,ab1,1
a11,a21,a31,a51,a62,a71,a81,a92,aa2,ab1,1
a11,a21,a31,a51,a61,a71,a82,a93,aa2,ab1,1
a11,a21,a31,a51,a62,a71,a81,a92,aa2,ab2,1
a11,a21,a31,a51,a61,a71,a81,a91,aa1,ab1,0
a11,a21,a32,a51,a61,a71,a82,a93,aa2,ab1,1
a11,a21,a31,a53,a61,a71,a81,a91,aa1,ab1,0
a11,a21,a32,a51,a61,a71,a82,a93,aa2,ab1,1
a11,a21,a31,a51,a62,a71,a81,a92,aa2,ab2,1
a11,a21,a32,a51,a61,a71,a82,a93,aa2,ab1,1
a11,a21,a31,a53,a61,a71,a81,a91,aa1,ab1,0
a11,a21,a31,a51,a61,a71,a81,a91,aa1,ab1,0
a11,a21,a31,a51,a61,a71,a81,a91,aa1,ab1,0
a11,a21,a31,a51,a62,a71,a81,a92,aa2,ab2,1
a11,a21,a31,a51,a62,a71,a81,a92,aa2,ab2,1
a11,a21,a31,a51,a63,a71,a81,a91,aa1,ab1,0
a11,a21,a31,a51,a62,a71,a81,a92,aa2,ab2,1
a11,a21,a31,a51,a61,a71,a81,a91,aa1,ab1,0
a11,a22,a31,a51,a61,a71,a81,a91,aa1,ab1,0
a11,a21,a31,a51,a62,a71,a81,a92,aa2,ab1,1
a11,a21,a31,a51,a62,a71,a81,a92,aa2,ab2,1
a11,a21,a31,a51,a61,a71,a81,a91,aa1,ab1,0
a11,a21,a31,a51,a61,a71,a82,a93,aa2,ab1,1
a11,a21,a31,a51,a62,a71,a81,a92,aa2,ab2,1
a11,a21,a31,a53,a61,a71,a81,a91,aa1,ab1,0
a11,a21,a31,a51,a62,a71,a81,a92,aa2,ab1,1
a11,a21,a31,a51,a61,a71,a81,a91,aa1,ab1,0
a11,a21,a31,a51,a61,a71,a82,a93,aa2,ab1,1
a11,a21,a31,a51,a61,a71,a81,a91,aa1,ab1,0
a11,a21,a31,a51,a62,a71,a81,a92,aa2,ab2,1
a11,a21,a31,a51,a61,a71,a81,a91,aa1,ab1,0
a11,a21,a31,a51,a61,a71,a81,a91,aa1,ab1,0
a11,a21,a31,a51,a62,a71,a81,a92,aa2,ab2,1
a11,a21,a31,a51,a61,a71,a81,a91,aa1,ab1,0
a11,a21,a31,a51,a61,a71,a81,a91,aa1,ab1,0
a11,a21,a31,a51,a61,a71,a82,a93,aa2,ab1,1
a11,a21,a31,a51,a61,a71,a81,a91,aa1,ab1,0
a11,a21,a31,a51,a61,a71,a81,a91,aa1,ab1,0
a11,a21,a32,a51,a61,a71,a82,a93,aa2,ab1,1
a11,a21,a31,a51,a61,a71,a81,a91,aa1,ab1,0
a11,a21,a31,a51,a61,a71,a82,a93,aa2,ab1,1
a11,a21,a31,a51,a63,a71,a81,a91,aa1,ab1,0
a11,a21,a31,a51,a62,a71,a81,a92,aa2,ab2,1
a11,a21,a31,a51,a61,a71,a81,a91,aa1,ab1,0
a11,a21,a31,a51,a61,a71,a81,a91,aa1,ab1,0
a11,a21,a32,a51,a63,a71,a81,a91,aa1,ab1,0
a11,a21,a31,a51,a61,a71,a81,a91,aa1,ab1,0
a11,a21,a31,a51,a61,a71,a81,a91,aa1,ab1,0
a11,a21,a31,a51,a62,a71,a81,a92,aa2,ab1,1
a11,a21,a31,a51,a61,a71,a81,a91,aa1,ab1,0
a11,a21,a31,a51,a62,a71,a81,a92,aa2,ab2,1
a11,a21,a31,a51,a61,a71,a81,a91,aa1,ab1,0
a11,a21,a33,a51,a61,a71,a81,a91,aa1,ab1,0
a11,a21,a32,a51,a61,a71,a81,a91,aa1,ab1,0
a11,a21,a31,a51,a62,a71,a81,a92,aa2,ab2,1
a11,a21,a31,a51,a61,a71,a81,a91,aa1,ab1,0
a11,a21,a31,a51,a62,a71,a81,a92,aa2,ab2,1
a11,a22,a31,a51,a61,a71,a81,a91,aa1,ab1,0
a12,a22,a31,a51,a61,a71,a82,a91,aa1,ab1,0
a11,a21,a31,a51,a61,a71,a81,a91,aa1,ab1,0
a11,a21,a31,a51,a61,a71,a81,a91,aa1,ab1,0
a11,a21,a31,a51,a61,a71,a81,a91,aa1,ab1,0
a11,a22,a31,a51,a61,a71,a81,a91,aa1,ab1,0
a11,a21,a31,a51,a61,a71,a81,a91,aa1,ab1,0
a11,a21,a31,a51,a61,a71,a82,a93,aa2,ab1,1
a11,a21,a31,a51,a62,a71,a81,a92,aa2,ab1,1
a11,a21,a31,a51,a61,a71,a81,a91,aa1,ab1,0
a11,a21,a31,a51,a61,a71,a81,a91,aa1,ab1,0
a11,a21,a31,a51,a61,a71,a81,a91,aa1,ab1,0
a12,a21,a31,a51,a61,a71,a81,a91,aa1,ab1,0
a11,a22,a31,a51,a61,a71,a81,a91,aa1,ab1,0
a11,a21,a31,a51,a61,a71,a81,a91,aa1,ab1,0
a11,a21,a31,a51,a62,a71,a81,a92,aa2,ab2,1
a11,a21,a31,a51,a61,a71,a81,a91,aa1,ab1,0
a11,a21,a32,a51,a61,a71,a82,a93,aa2,ab1,1
a11,a22,a31,a52,a61,a71,a81,a91,aa1,ab1,0
a11,a21,a31,a51,a61,a71,a81,a91,aa1,ab1,0
a11,a21,a31,a51,a61,a71,a81,a91,aa1,ab1,0
a11,a21,a32,a51,a61,a71,a82,a93,aa2,ab1,1
a11,a21,a31,a51,a61,a71,a82,a93,aa2,ab1,1
a11,a21,a31,a51,a61,a71,a81,a91,aa1,ab1,0
a11,a21,a31,a51,a61,a71,a81,a91,aa1,ab1,0
a11,a21,a32,a51,a61,a71,a82,a93,aa2,ab1,1
a11,a21,a32,a51,a61,a71,a81,a91,aa1,ab1,0
a11,a21,a31,a51,a61,a71,a81,a91,aa1,ab1,0
a11,a21,a31,a51,a61,a71,a81,a91,aa1,ab1,0
a11,a22,a31,a51,a61,a71,a81,a91,aa1,ab1,0
a11,a21,a31,a51,a62,a71,a81,a92,aa2,ab1,1
a11,a21,a31,a51,a62,a71,a81,a92,aa2,ab1,1
a11,a21,a31,a51,a62,a71,a81,a92,aa2,ab1,1
a11,a22,a31,a51,a61,a71,a81,a91,aa1,ab1,0
a11,a21,a31,a51,a61,a71,a82,a93,aa2,ab1,1
a11,a21,a31,a51,a63,a71,a81,a91,aa1,ab1,0
a11,a21,a31,a51,a62,a71,a81,a92,aa2,ab2,1
a11,a21,a31,a51,a62,a71,a81,a92,aa2,ab2,1
a11,a22,a32,a53,a61,a71,a81,a91,aa1,ab1,0
a11,a22,a31,a53,a61,a71,a81,a91,aa1,ab1,0
a11,a21,a31,a51,a62,a71,a81,a92,aa2,ab1,1
a11,a21,a32,a51,a61,a71,a82,a93,aa2,ab1,1
a11,a21,a31,a51,a63,a71,a81,a91,aa1,ab1,0
a11,a21,a31,a51,a61,a71,a81,a91,aa1,ab1,0
a11,a21,a31,a53,a61,a71,a81,a91,aa1,ab1,0
a11,a21,a31,a51,a61,a71,a81,a91,aa1,ab1,0
a11,a21,a31,a51,a62,a71,a81,a92,aa2,ab2,1
a11,a21,a31,a51,a62,a71,a81,a92,aa2,ab2,1
a11,a21,a31,a51,a61,a71,a81,a91,aa1,ab1,0
a11,a21,a31,a51,a61,a71,a82,a93,aa2,ab1,1
a11,a21,a32,a51,a61,a71,a81,a91,aa1,ab1,0
a11,a21,a31,a51,a62,a71,a81,a92,aa2,ab1,1
a11,a21,a31,a51,a61,a71,a81,a91,aa1,ab1,0
a11,a21,a31,a51,a61,a71,a81,a91,aa1,ab1,0
a11,a21,a31,a51,a62,a71,a81,a92,aa2,ab2,1
a11,a21,a31,a51,a62,a71,a81,a92,aa2,ab2,1
a11,a21,a31,a51,a61,a71,a81,a91,aa1,ab1,0
a11,a21,a31,a51,a61,a71,a81,a91,aa1,ab1,0
a11,a21,a32,a51,a61,a71,a81,a91,aa1,ab1,0
a11,a21,a31,a51,a62,a71,a81,a92,aa2,ab2,1
a11,a21,a31,a51,a62,a71,a81,a92,aa2,ab2,1
a11,a21,a31,a51,a61,a71,a81,a91,aa1,ab1,0
a11,a21,a31,a51,a61,a71,a81,a91,aa1,ab1,0
a11,a21,a31,a51,a62,a71,a81,a92,aa2,ab1,1
a11,a21,a31,a51,a61,a71,a81,a91,aa1,ab1,0
a11,a21,a31,a51,a61,a71,a82,a93,aa2,ab1,1
a11,a21,a31,a51,a62,a71,a81,a92,aa2,ab1,1
a11,a21,a31,a51,a61,a71,a81,a91,aa1,ab1,0
a11,a21,a31,a51,a61,a71,a81,a91,aa1,ab1,0
a11,a21,a31,a51,a61,a71,a81,a91,aa1,ab1,0
a11,a21,a32,a51,a61,a71,a82,a93,aa2,ab1,1
a11,a21,a31,a51,a61,a71,a81,a91,aa1,ab1,0
a11,a22,a31,a53,a61,a71,a81,a91,aa1,ab1,0
a11,a21,a31,a51,a62,a71,a81,a92,aa2,ab2,1
a11,a21,a31,a51,a62,a71,a81,a92,aa2,ab2,1
a11,a21,a31,a51,a61,a71,a81,a91,aa1,ab1,0
a11,a21,a31,a51,a61,a71,a81,a91,aa1,ab1,0
a11,a21,a31,a51,a61,a71,a81,a91,aa1,ab1,0
a11,a21,a31,a51,a62,a71,a81,a92,aa2,ab2,1
a11,a21,a31,a51,a62,a71,a81,a92,aa2,ab1,1
a11,a21,a31,a51,a61,a71,a81,a91,aa1,ab1,0
a11,a21,a31,a51,a61,a71,a81,a91,aa1,ab1,0
a11,a22,a31,a53,a61,a71,a81,a91,aa1,ab1,0
a12,a22,a32,a51,a61,a71,a83,a91,aa1,ab1,0
a11,a22,a31,a51,a61,a71,a81,a91,aa1,ab1,0
a11,a21,a32,a51,a61,a71,a82,a93,aa2,ab1,1
a11,a21,a31,a51,a63,a71,a81,a91,aa1,ab1,0
a11,a21,a31,a51,a61,a71,a81,a91,aa1,ab1,0
a11,a21,a31,a51,a61,a71,a81,a91,aa1,ab1,0
a12,a22,a32,a51,a61,a71,a81,a91,aa1,ab1,0
a11,a21,a31,a51,a62,a71,a81,a92,aa2,ab1,1
a11,a21,a31,a51,a62,a71,a81,a92,aa2,ab2,1
a11,a21,a31,a51,a62,a71,a81,a92,aa2,ab1,1
a11,a21,a31,a51,a61,a71,a81,a91,aa1,ab1,0
a12,a22,a31,a51,a61,a71,a82,a91,aa1,ab1,0
a11,a21,a31,a51,a61,a71,a81,a91,aa1,ab1,0
a11,a21,a32,a51,a61,a71,a82,a93,aa2,ab1,1
a11,a21,a31,a51,a61,a71,a81,a91,aa1,ab1,0
a11,a21,a31,a51,a61,a71,a81,a91,aa1,ab1,0
a11,a21,a31,a51,a62,a71,a81,a92,aa2,ab2,1
a11,a21,a31,a51,a62,a71,a81,a92,aa2,ab2,1
a11,a21,a31,a51,a61,a71,a82,a93,aa2,ab1,1
a11,a21,a31,a51,a61,a71,a81,a91,aa1,ab1,0
a11,a21,a31,a51,a62,a71,a81,a92,aa2,ab1,1
a11,a21,a31,a51,a61,a71,a81,a91,aa1,ab1,0
a11,a21,a31,a51,a61,a71,a81,a91,aa1,ab1,0
a11,a21,a31,a51,a61,a71,a82,a93,aa2,ab1,1
a11,a21,a31,a51,a61,a71,a81,a91,aa1,ab1,0
a11,a21,a31,a51,a62,a71,a81,a92,aa2,ab2,1
a12,a22,a31,a51,a61,a71,a82,a91,aa1,ab1,0
a11,a21,a31,a51,a61,a71,a81,a91,aa1,ab1,0
a11,a21,a31,a51,a61,a71,a81,a91,aa1,ab1,0
a11,a21,a31,a51,a62,a71,a81,a92,aa2,ab1,1
a11,a21,a31,a51,a61,a71,a81,a91,aa1,ab1,0
a11,a21,a31,a51,a61,a71,a82,a93,aa2,ab1,1
a11,a21,a31,a51,a61,a71,a82,a93,aa2,ab1,1
a11,a22,a31,a53,a61,a71,a81,a91,aa1,ab1,0
a11,a22,a32,a53,a61,a71,a81,a91,aa1,ab1,0
a11,a21,a31,a51,a61,a71,a82,a93,aa2,ab1,1
a11,a21,a31,a51,a62,a71,a81,a92,aa2,ab1,1
a11,a21,a31,a51,a62,a71,a81,a92,aa2,ab2,1
a11,a21,a31,a51,a62,a71,a81,a92,aa2,ab1,1
a11,a21,a31,a51,a61,a71,a81,a91,aa1,ab1,0
a11,a21,a31,a51,a61,a71,a81,a91,aa1,ab1,0
a11,a21,a31,a51,a62,a71,a81,a92,aa2,ab1,1
a11,a21,a31,a51,a61,a71,a81,a91,aa1,ab1,0
a11,a21,a32,a51,a61,a71,a81,a91,aa1,ab1,0
a11,a21,a32,a51,a61,a71,a82,a93,aa2,ab1,1
a11,a21,a31,a51,a62,a71,a81,a92,aa2,ab2,1
a11,a22,a31,a53,a61,a71,a81,a91,aa1,ab1,0
a11,a21,a32,a51,a61,a71,a82,a93,aa2,ab1,1
a11,a21,a31,a51,a62,a71,a81,a92,aa2,ab1,1
a11,a21,a31,a51,a61,a71,a81,a91,aa1,ab1,0
a11,a22,a31,a51,a61,a71,a81,a91,aa1,ab1,0
a11,a21,a31,a51,a61,a71,a81,a91,aa1,ab1,0
a11,a21,a31,a51,a61,a71,a81,a91,aa1,ab1,0
a11,a21,a31,a51,a61,a71,a81,a91,aa1,ab1,0
a11,a21,a31,a51,a62,a71,a81,a92,aa2,ab2,1
a11,a21,a31,a51,a62,a71,a81,a92,aa2,ab2,1
a11,a22,a31,a51,a61,a71,a81,a91,aa1,ab1,0
a11,a21,a31,a51,a61,a71,a82,a93,aa2,ab1,1
a11,a21,a31,a51,a61,a71,a81,a91,aa1,ab1,0
a11,a21,a31,a51,a61,a71,a81,a91,aa1,ab1,0
a11,a21,a31,a51,a61,a71,a81,a91,aa1,ab1,0
a11,a21,a31,a51,a62,a71,a81,a92,aa2,ab2,1
a11,a21,a31,a51,a61,a71,a81,a91,aa1,ab1,0
a11,a21,a31,a51,a62,a71,a81,a92,aa2,ab1,1
a11,a21,a31,a51,a61,a71,a81,a91,aa1,ab1,0
a11,a21,a31,a51,a61,a71,a81,a91,aa1,ab1,0
a12,a22,a32,a51,a61,a71,a81,a91,aa1,ab1,0
a11,a21,a31,a51,a61,a71,a81,a91,aa1,ab1,0
a11,a21,a31,a51,a61,a71,a81,a91,aa1,ab1,0
a11,a21,a31,a51,a62,a71,a81,a92,aa2,ab2,1
a11,a21,a31,a51,a62,a71,a81,a92,aa2,ab1,1
a11,a21,a32,a51,a61,a71,a81,a91,aa1,ab1,0
a11,a21,a31,a51,a61,a71,a82,a93,aa2,ab1,1
a11,a22,a31,a51,a61,a71,a81,a91,aa1,ab1,0
a11,a21,a31,a51,a62,a71,a81,a92,aa2,ab2,1
a11,a21,a31,a51,a61,a71,a81,a91,aa1,ab1,0
a11,a21,a31,a51,a62,a71,a81,a92,aa2,ab1,1
a11,a21,a31,a51,a61,a71,a81,a91,aa1,ab1,0
a11,a21,a31,a51,a61,a71,a81,a91,aa1,ab1,0
a11,a21,a31,a51,a62,a71,a81,a92,aa2,ab2,1
a11,a21,a31,a51,a62,a71,a81,a92,aa2,ab2,1
a11,a21,a31,a51,a61,a71,a81,a91,aa1,ab1,0
a11,a21,a31,a51,a61,a71,a81,a91,aa1,ab1,0
a11,a21,a31,a51,a61,a71,a81,a91,aa1,ab1,0
a11,a21,a31,a53,a61,a71,a81,a91,aa1,ab1,0
a11,a21,a31,a51,a62,a71,a81,a92,aa2,ab1,1
a11,a21,a31,a51,a62,a71,a81,a92,aa2,ab2,1
a11,a21,a31,a51,a61,a71,a81,a91,aa1,ab1,0
a11,a21,a31,a51,a62,a71,a81,a92,aa2,ab1,1
a11,a21,a31,a51,a61,a71,a81,a91,aa1,ab1,0
a11,a21,a31,a51,a61,a71,a81,a91,aa1,ab1,0
a11,a21,a32,a51,a61,a71,a82,a93,aa2,ab1,1
a11,a21,a31,a51,a62,a71,a81,a92,aa2,ab1,1
a11,a21,a31,a51,a62,a71,a81,a92,aa2,ab1,1
a11,a21,a31,a51,a61,a71,a81,a91,aa1,ab1,0
a11,a21,a32,a51,a61,a71,a81,a91,aa1,ab1,0
a11,a21,a31,a51,a62,a71,a81,a92,aa2,ab2,1
a11,a21,a31,a51,a61,a71,a82,a93,aa2,ab1,1
a11,a21,a31,a51,a61,a71,a81,a91,aa1,ab1,0
a11,a21,a32,a53,a61,a71,a81,a91,aa1,ab1,0
a11,a22,a31,a51,a61,a71,a81,a91,aa1,ab1,0
a11,a21,a32,a51,a61,a71,a82,a93,aa2,ab1,1
a11,a21,a31,a51,a62,a71,a81,a92,aa2,ab1,1
a11,a21,a31,a51,a61,a71,a81,a91,aa1,ab1,0
a11,a21,a32,a51,a61,a71,a82,a93,aa2,ab1,1
a11,a21,a32,a51,a61,a71,a82,a93,aa2,ab1,1
a11,a21,a31,a51,a61,a71,a81,a91,aa1,ab1,0
a11,a21,a31,a51,a63,a71,a81,a91,aa1,ab1,0
a11,a21,a31,a51,a62,a71,a81,a92,aa2,ab1,1
a11,a21,a31,a51,a61,a71,a82,a93,aa2,ab1,1
a11,a21,a32,a51,a61,a71,a82,a93,aa2,ab1,1
a11,a21,a31,a51,a61,a71,a81,a91,aa1,ab1,0
a11,a22,a32,a51,a61,a71,a81,a91,aa1,ab1,0
a11,a21,a32,a51,a61,a71,a82,a93,aa2,ab1,1
a12,a22,a31,a51,a61,a72,a83,a91,aa1,ab1,0
a11,a21,a31,a51,a62,a71,a81,a92,aa2,ab1,1
a11,a21,a31,a51,a61,a71,a81,a91,aa1,ab1,0
a12,a21,a31,a51,a61,a71,a81,a91,aa1,ab1,0
a11,a21,a31,a51,a61,a71,a81,a91,aa1,ab1,0
a11,a21,a31,a51,a61,a71,a81,a91,aa1,ab1,0
a11,a21,a31,a51,a62,a71,a81,a92,aa2,ab2,1
a11,a21,a31,a51,a61,a71,a81,a91,aa1,ab1,0
a11,a21,a31,a51,a62,a71,a81,a92,aa2,ab2,1
a11,a21,a31,a51,a61,a71,a81,a91,aa1,ab1,0
a11,a21,a33,a51,a61,a71,a81,a91,aa1,ab1,0
a11,a21,a31,a51,a61,a71,a82,a93,aa2,ab1,1
a11,a21,a31,a51,a61,a71,a81,a91,aa1,ab1,0
a11,a22,a31,a51,a61,a71,a81,a91,aa1,ab1,0
a11,a21,a31,a51,a62,a71,a81,a92,aa2,ab2,1
a11,a21,a31,a51,a63,a71,a81,a91,aa1,ab1,0
a11,a21,a31,a51,a62,a71,a81,a92,aa2,ab1,1
a11,a21,a31,a51,a61,a71,a81,a91,aa1,ab1,0
a11,a21,a31,a51,a61,a71,a81,a91,aa1,ab1,0
a11,a21,a31,a51,a61,a71,a81,a91,aa1,ab1,0
a11,a21,a31,a51,a62,a71,a81,a92,aa2,ab2,1
a11,a21,a31,a51,a61,a71,a82,a93,aa2,ab1,1
a11,a21,a31,a51,a61,a71,a82,a93,aa2,ab1,1
a11,a22,a31,a53,a61,a71,a81,a91,aa1,ab1,0
a11,a21,a31,a51,a62,a71,a81,a92,aa2,ab1,1
a11,a21,a31,a51,a61,a71,a81,a91,aa1,ab1,0
a11,a21,a32,a51,a61,a71,a82,a93,aa2,ab1,1
a11,a21,a31,a51,a61,a71,a81,a91,aa1,ab1,0
a11,a21,a31,a51,a61,a71,a81,a91,aa1,ab1,0
a11,a22,a31,a51,a61,a71,a81,a91,aa1,ab1,0
a11,a21,a31,a51,a62,a71,a81,a92,aa2,ab2,1
a11,a21,a31,a51,a61,a71,a81,a91,aa1,ab1,0
a11,a21,a31,a51,a61,a71,a81,a91,aa1,ab1,0
a11,a21,a31,a51,a61,a71,a81,a91,aa1,ab1,0
a11,a22,a32,a51,a61,a71,a82,a91,aa1,ab1,0
a11,a21,a31,a51,a61,a71,a81,a91,aa1,ab1,0
a11,a21,a31,a51,a62,a71,a81,a92,aa2,ab2,1
a11,a21,a31,a51,a61,a71,a82,a93,aa2,ab1,1
a11,a21,a31,a51,a62,a71,a81,a92,aa2,ab2,1
a11,a22,a31,a53,a61,a71,a81,a91,aa1,ab1,0
a11,a21,a32,a51,a61,a71,a82,a93,aa2,ab1,1
a11,a21,a31,a51,a61,a71,a82,a93,aa2,ab1,1
a11,a21,a31,a51,a62,a71,a81,a92,aa2,ab2,1
a11,a21,a31,a51,a61,a71,a81,a91,aa1,ab1,0
a11,a22,a31,a51,a61,a71,a81,a91,aa1,ab1,0
a11,a21,a31,a51,a62,a71,a81,a92,aa2,ab1,1
a11,a21,a31,a51,a62,a71,a81,a92,aa2,ab2,1
a11,a21,a31,a51,a61,a71,a81,a91,aa1,ab1,0
a11,a21,a32,a51,a61,a71,a82,a93,aa2,ab1,1
a11,a21,a31,a51,a62,a71,a81,a92,aa2,ab2,1
a11,a21,a31,a53,a61,a71,a81,a91,aa1,ab1,0
a11,a21,a31,a51,a61,a71,a81,a91,aa1,ab1,0
a11,a21,a31,a51,a61,a71,a82,a93,aa2,ab1,1
a11,a21,a31,a51,a61,a71,a81,a91,aa1,ab1,0
a11,a21,a32,a51,a61,a71,a81,a91,aa1,ab1,0
a11,a21,a31,a51,a61,a71,a81,a91,aa1,ab1,0
a11,a21,a31,a51,a62,a71,a81,a92,aa2,ab2,1
a11,a22,a31,a51,a61,a71,a81,a91,aa1,ab1,0
a11,a21,a32,a51,a61,a71,a82,a93,aa2,ab1,1
a11,a21,a31,a51,a61,a71,a81,a91,aa1,ab1,0
a11,a21,a31,a51,a62,a71,a81,a92,aa2,ab1,1
a11,a21,a31,a51,a61,a71,a81,a91,aa1,ab1,0
a11,a21,a31,a51,a61,a71,a81,a91,aa1,ab1,0
a11,a21,a31,a51,a62,a71,a81,a92,aa2,ab1,1
a11,a21,a31,a51,a61,a71,a82,a93,aa2,ab1,1
a11,a21,a32,a51,a61,a71,a81,a91,aa1,ab1,0
a11,a21,a31,a51,a61,a71,a81,a91,aa1,ab1,0
a11,a22,a31,a51,a61,a71,a82,a91,aa1,ab1,0
a11,a21,a31,a51,a61,a71,a81,a91,aa1,ab1,0
a11,a21,a32,a51,a61,a71,a81,a91,aa1,ab1,0
a11,a21,a32,a53,a61,a71,a81,a91,aa1,ab1,0
a11,a21,a31,a51,a62,a71,a81,a92,aa2,ab2,1
a11,a21,a31,a51,a62,a71,a81,a92,aa2,ab1,1
a11,a21,a31,a51,a63,a71,a81,a91,aa1,ab1,0
a11,a21,a33,a51,a61,a71,a81,a91,aa1,ab1,0
a11,a21,a31,a51,a61,a71,a81,a91,aa1,ab1,0
a11,a21,a31,a51,a62,a71,a81,a92,aa2,ab1,1
a12,a22,a31,a51,a61,a71,a82,a91,aa1,ab1,0
a11,a21,a31,a51,a62,a71,a81,a92,aa2,ab2,1
a11,a21,a31,a51,a61,a71,a82,a93,aa2,ab1,1
a11,a22,a32,a53,a61,a71,a81,a91,aa1,ab1,0
a11,a21,a31,a51,a63,a71,a81,a91,aa1,ab1,0
a11,a21,a31,a51,a61,a71,a81,a91,aa1,ab1,0
a11,a21,a31,a51,a61,a71,a81,a91,aa1,ab1,0
a11,a21,a31,a51,a62,a71,a81,a92,aa2,ab1,1
a11,a21,a31,a51,a61,a71,a81,a91,aa1,ab1,0
a11,a21,a31,a51,a61,a71,a82,a93,aa2,ab1,1
a11,a21,a31,a51,a61,a71,a81,a91,aa1,ab1,0
a11,a21,a31,a51,a61,a71,a81,a91,aa1,ab1,0
a11,a21,a31,a51,a62,a71,a81,a92,aa2,ab2,1
a11,a21,a32,a51,a61,a71,a81,a91,aa1,ab1,0
a11,a21,a31,a51,a61,a71,a81,a91,aa1,ab1,0
a11,a21,a31,a51,a61,a71,a82,a93,aa2,ab1,1
a11,a21,a31,a51,a61,a71,a81,a91,aa1,ab1,0
a11,a21,a31,a51,a62,a71,a81,a92,aa2,ab2,1
a11,a21,a31,a51,a61,a71,a82,a93,aa2,ab1,1
a11,a22,a31,a53,a61,a71,a81,a91,aa1,ab1,0
a11,a21,a31,a51,a61,a71,a81,a91,aa1,ab1,0
a11,a22,a31,a52,a61,a71,a81,a91,aa1,ab1,0
a11,a21,a31,a51,a62,a71,a81,a92,aa2,ab1,1
a11,a21,a32,a51,a61,a71,a81,a91,aa1,ab1,0
a11,a21,a31,a51,a63,a71,a81,a91,aa1,ab1,0
a11,a21,a31,a51,a61,a71,a81,a91,aa1,ab1,0
a11,a21,a31,a51,a61,a71,a82,a93,aa2,ab1,1
a11,a21,a31,a51,a61,a71,a81,a91,aa1,ab1,0
a11,a21,a32,a51,a61,a71,a81,a91,aa1,ab1,0
a11,a21,a31,a51,a61,a71,a81,a91,aa1,ab1,0
a11,a21,a31,a51,a61,a71,a81,a91,aa1,ab1,0
a11,a21,a31,a51,a62,a71,a81,a92,aa2,ab1,1
a11,a21,a31,a51,a61,a71,a81,a91,aa1,ab1,0
a11,a21,a31,a51,a62,a71,a81,a92,aa2,ab2,1
a11,a21,a31,a51,a61,a71,a81,a91,aa1,ab1,0
a11,a21,a31,a51,a61,a71,a81,a91,aa1,ab1,0
a11,a21,a31,a51,a62,a71,a81,a92,aa2,ab1,1
a11,a21,a31,a51,a62,a71,a81,a92,aa2,ab1,1
a11,a21,a32,a51,a61,a71,a81,a91,aa1,ab1,0
a11,a21,a31,a51,a61,a71,a81,a91,aa1,ab1,0
a11,a21,a31,a51,a61,a71,a82,a93,aa2,ab1,1
a11,a21,a31,a53,a61,a71,a81,a91,aa1,ab1,0
a11,a21,a32,a51,a61,a71,a82,a93,aa2,ab1,1
a11,a22,a31,a53,a61,a71,a81,a91,aa1,ab1,0
a11,a21,a31,a51,a62,a71,a81,a92,aa2,ab1,1
a11,a21,a32,a51,a61,a71,a81,a91,aa1,ab1,0
a11,a21,a31,a51,a61,a71,a81,a91,aa1,ab1,0
a11,a21,a31,a51,a61,a71,a81,a91,aa1,ab1,0
a11,a21,a31,a51,a61,a71,a81,a91,aa1,ab1,0
a11,a21,a32,a51,a61,a71,a82,a93,aa2,ab1,1
a11,a21,a31,a51,a61,a71,a81,a91,aa1,ab1,0
a11,a21,a31,a51,a61,a71,a81,a91,aa1,ab1,0
a11,a21,a32,a51,a61,a71,a81,a91,aa1,ab1,0
a11,a21,a31,a51,a61,a71,a81,a91,aa1,ab1,0
a11,a21,a31,a51,a63,a71,a81,a91,aa1,ab1,0
a11,a21,a31,a51,a61,a71,a81,a91,aa1,ab1,0
a11,a21,a31,a51,a61,a71,a81,a91,aa1,ab1,0
a11,a21,a31,a51,a61,a71,a81,a91,aa1,ab1,0
a11,a21,a31,a51,a61,a71,a81,a91,aa1,ab1,0
a11,a21,a31,a51,a61,a71,a81,a91,aa1,ab1,0
a11,a21,a31,a51,a61,a71,a81,a91,aa1,ab1,0
a11,a21,a31,a51,a62,a71,a81,a92,aa2,ab1,1
a11,a21,a31,a51,a62,a71,a81,a92,aa2,ab1,1
a11,a21,a31,a51,a62,a71,a81,a92,aa2,ab2,1
a11,a21,a31,a51,a62,a71,a81,a92,aa2,ab1,1
a11,a21,a31,a51,a61,a71,a81,a91,aa1,ab1,0
a11,a21,a32,a51,a61,a71,a81,a91,aa1,ab1,0
a11,a21,a31,a51,a61,a71,a81,a91,aa1,ab1,0
a11,a21,a31,a51,a62,a71,a81,a92,aa2,ab1,1
a11,a21,a31,a51,a62,a71,a81,a92,aa2,ab1,1
a11,a21,a31,a51,a61,a71,a81,a91,aa1,ab1,0
a11,a21,a32,a51,a61,a71,a82,a93,aa2,ab1,1
a11,a21,a31,a51,a61,a71,a81,a91,aa1,ab1,0
a11,a21,a31,a51,a61,a71,a81,a91,aa1,ab1,0
a12,a22,a31,a51,a61,a71,a81,a91,aa1,ab1,0
a11,a21,a32,a51,a61,a71,a81,a91,aa1,ab1,0
a11,a21,a32,a51,a61,a71,a81,a91,aa1,ab1,0
a11,a21,a31,a51,a61,a71,a81,a91,aa1,ab1,0
a11,a21,a33,a51,a61,a71,a81,a91,aa1,ab1,0
a11,a21,a31,a51,a61,a71,a82,a93,aa2,ab1,1
a11,a21,a31,a51,a61,a71,a81,a91,aa1,ab1,0
a11,a21,a31,a51,a61,a71,a81,a91,aa1,ab1,0
a11,a21,a32,a51,a61,a71,a82,a93,aa2,ab1,1
a11,a22,a31,a51,a61,a71,a81,a91,aa1,ab1,0
a11,a21,a31,a51,a61,a71,a81,a91,aa1,ab1,0
a11,a21,a31,a51,a61,a71,a81,a91,aa1,ab1,0
a11,a21,a32,a51,a61,a71,a82,a93,aa2,ab1,1
a11,a22,a31,a51,a61,a71,a81,a91,aa1,ab1,0
a11,a21,a31,a51,a61,a71,a81,a91,aa1,ab1,0
a11,a21,a31,a51,a62,a71,a81,a92,aa2,ab2,1
a11,a21,a31,a51,a62,a71,a81,a92,aa2,ab1,1
a11,a21,a31,a51,a62,a71,a81,a92,aa2,ab1,1
a11,a21,a31,a51,a61,a71,a81,a91,aa1,ab1,0
a11,a21,a31,a51,a62,a71,a81,a92,aa2,ab1,1
a11,a21,a31,a51,a62,a71,a81,a92,aa2,ab2,1
a11,a21,a31,a51,a62,a71,a81,a92,aa2,ab1,1
a11,a21,a31,a51,a62,a71,a81,a92,aa2,ab2,1
a12,a22,a31,a51,a61,a71,a81,a91,aa1,ab1,0
a11,a21,a31,a51,a61,a71,a81,a91,aa1,ab1,0
a11,a21,a31,a51,a62,a71,a81,a92,aa2,ab1,1
a11,a21,a32,a51,a61,a71,a81,a91,aa1,ab1,0
a11,a21,a31,a51,a61,a71,a82,a93,aa2,ab1,1
a11,a21,a31,a51,a61,a71,a81,a91,aa1,ab1,0
a11,a21,a31,a51,a61,a71,a81,a91,aa1,ab1,0
a11,a21,a31,a51,a61,a71,a81,a91,aa1,ab1,0
a11,a22,a31,a51,a61,a71,a81,a91,aa1,ab1,0
a11,a21,a32,a51,a61,a71,a82,a93,aa2,ab1,1
a11,a21,a31,a51,a61,a71,a81,a91,aa1,ab1,0
a11,a21,a31,a51,a62,a71,a81,a92,aa2,ab2,1
a11,a21,a31,a51,a61,a71,a82,a93,aa2,ab1,1
a11,a21,a31,a51,a61,a71,a81,a91,aa1,ab1,0
a11,a21,a31,a51,a61,a71,a82,a93,aa2,ab1,1
a11,a21,a31,a51,a61,a71,a81,a91,aa1,ab1,0
a11,a21,a31,a51,a61,a71,a81,a91,aa1,ab1,0
a11,a21,a31,a51,a62,a71,a81,a92,aa2,ab1,1
a11,a21,a31,a51,a62,a71,a81,a92,aa2,ab1,1
a12,a23,a31,a51,a61,a71,a81,a91,aa1,ab1,0
a11,a21,a31,a51,a62,a71,a81,a92,aa2,ab1,1
a11,a21,a31,a51,a61,a71,a81,a91,aa1,ab1,0
a11,a21,a31,a51,a61,a71,a81,a91,aa1,ab1,0
a11,a21,a31,a51,a62,a71,a81,a92,aa2,ab2,1
a11,a21,a32,a51,a61,a71,a81,a91,aa1,ab1,0
a11,a21,a31,a51,a61,a71,a81,a91,aa1,ab1,0
a11,a21,a31,a51,a62,a71,a81,a92,aa2,ab1,1
a11,a21,a32,a51,a61,a71,a82,a93,aa2,ab1,1
a11,a21,a31,a51,a61,a71,a82,a93,aa2,ab1,1
a11,a21,a31,a51,a61,a71,a81,a91,aa2,ab1,0
a11,a21,a31,a51,a62,a71,a81,a92,aa2,ab1,1
a11,a21,a31,a51,a62,a71,a81,a92,aa2,ab2,1
a11,a21,a31,a51,a63,a71,a81,a91,aa1,ab1,0
a12,a21,a31,a51,a61,a71,a81,a91,aa1,ab1,0
a11,a21,a31,a51,a62,a71,a81,a92,aa2,ab1,1
a11,a21,a31,a51,a61,a71,a81,a91,aa1,ab1,0
a11,a21,a31,a53,a61,a71,a81,a91,aa1,ab1,0
a11,a21,a32,a51,a61,a71,a82,a93,aa2,ab1,1
a11,a21,a31,a51,a62,a71,a81,a92,aa2,ab2,1
a11,a22,a31,a53,a61,a71,a81,a91,aa1,ab1,0
a11,a21,a31,a51,a62,a71,a81,a92,aa2,ab2,1
a11,a21,a32,a51,a61,a71,a81,a91,aa1,ab1,0
a11,a21,a31,a51,a61,a71,a81,a91,aa1,ab1,0
a11,a21,a31,a51,a62,a71,a81,a92,aa2,ab1,1
a11,a22,a31,a51,a61,a71,a81,a91,aa1,ab1,0
a11,a21,a31,a51,a61,a71,a81,a91,aa1,ab1,0
a11,a21,a31,a51,a61,a71,a82,a93,aa2,ab1,1
a11,a21,a31,a51,a61,a71,a81,a91,aa1,ab1,0
a11,a21,a31,a51,a61,a71,a81,a91,aa1,ab1,0
a11,a21,a31,a51,a61,a71,a81,a91,aa1,ab1,0
a11,a21,a31,a51,a61,a71,a81,a91,aa1,ab1,0
a11,a21,a31,a51,a63,a71,a81,a91,aa1,ab1,0
a11,a22,a31,a51,a61,a71,a81,a91,aa1,ab1,0
a11,a21,a31,a51,a61,a71,a81,a91,aa1,ab1,0
a11,a21,a31,a51,a62,a71,a81,a92,aa2,ab1,1
a11,a21,a31,a51,a61,a71,a81,a91,aa1,ab1,0
