,ReuqestMethod,NumberOfKey,LengthOfRequest,NumberOfSlashInRequest,LengthOfAccept,LengthOfConnection,LengthOfContent-Length,LengthOfContent-Type,LengthOfAccept-Encoding,LengthOfAccept-Language,LengthOfCookie
0,GET,7,78,10,5,0,0,0,15,16,0
1,GET,8,74,10,5,7,0,0,15,16,0
2,GET,8,72,10,5,7,0,0,15,16,0
3,GET,8,73,10,5,7,0,0,15,16,0
4,GET,8,66,10,5,7,0,0,15,16,0
5,GET,7,69,10,5,7,0,0,15,16,0
6,GET,8,32,6,5,7,0,0,15,16,0
7,GET,8,65,10,5,7,0,0,15,16,0
8,GET,7,69,10,5,7,0,0,15,16,0
9,GET,8,75,10,5,7,0,0,15,16,0
10,GET,9,48,7,104,7,0,0,15,16,0
11,GET,8,49,6,5,7,0,0,15,16,0
12,GET,6,52,6,5,0,0,0,15,16,0
13,GET,8,72,10,5,7,0,0,15,16,0
14,GET,8,66,8,5,7,0,0,15,16,0
15,GET,7,33,6,5,7,0,0,15,16,0
16,GET,7,66,7,16,7,0,0,15,16,0
17,GET,8,61,8,5,7,0,0,15,16,0
18,GET,8,84,3,5,7,0,0,15,16,0
19,GET,8,30,3,5,0,0,0,15,16,0
20,GET,9,44,4,5,7,0,0,15,16,0
21,GET,8,40,6,5,7,0,0,15,16,0
22,GET,9,40,5,48,7,0,0,15,16,0
23,GET,8,43,5,5,7,0,0,15,16,0
24,GET,7,54,6,5,7,0,0,15,16,0
25,GET,8,40,6,5,7,0,0,15,16,0
26,GET,8,69,7,5,7,0,0,15,16,0
27,GET,8,51,7,5,7,0,0,15,16,0
28,GET,7,63,7,5,0,0,0,15,16,0
29,GET,8,50,6,5,7,0,0,15,16,0
30,GET,8,38,6,5,7,0,0,15,16,0
31,POST,11,122,2,5,7,0,35,15,16,0
32,GET,8,217,3,16,7,0,0,15,16,0
33,POST,9,180,3,5,7,0,0,15,16,0
34,GET,8,82,7,65,7,0,0,15,16,0
35,GET,10,61,2,5,7,0,0,15,16,0
36,GET,9,61,2,5,7,0,0,15,16,0
37,POST,10,64,7,5,7,2013,26,15,16,0
38,GET,8,61,2,5,7,0,0,15,16,0
39,GET,10,34,2,65,7,0,0,15,16,0
40,GET,7,121,8,5,7,0,0,15,16,0
41,GET,10,289,2,5,7,0,35,15,16,0
42,GET,8,49,1,16,7,0,0,15,16,0
43,GET,8,61,2,5,7,0,0,15,16,0
44,GET,8,127,3,16,7,0,0,15,16,0
45,GET,7,30,2,16,7,0,0,15,16,0
46,GET,8,187,2,5,7,0,0,15,16,0
47,GET,7,207,3,16,7,0,0,15,16,0
48,GET,8,187,2,5,7,0,0,15,16,0
49,POST,10,19,3,5,7,4243,88,15,16,0
50,GET,8,48,2,16,7,0,0,15,16,0
51,GET,8,48,2,16,7,0,0,15,16,0
52,GET,9,220,7,5,7,0,0,15,16,0
53,GET,7,61,2,5,7,0,0,15,16,0
54,GET,8,310,4,5,7,0,0,15,16,0
55,GET,7,63,4,5,7,0,0,15,16,0
56,GET,7,310,4,5,7,0,0,15,16,0
57,GET,8,340,4,5,7,0,0,15,16,0
58,GET,8,30,3,5,7,0,0,15,16,0
59,GET,8,49,1,16,7,0,0,15,16,0
60,GET,7,62,2,16,7,0,0,15,16,0
61,GET,8,21,2,5,7,0,0,15,16,0
62,GET,8,48,1,5,7,0,0,15,16,0
63,GET,9,41,3,16,7,0,0,15,16,0
64,GET,8,58,3,16,7,0,0,15,16,0
65,GET,9,99,1,65,7,0,0,15,16,0
66,GET,8,29,2,5,7,0,0,15,16,0
67,GET,8,26,2,5,7,0,0,15,16,0
68,GET,8,46,3,5,7,0,0,15,16,0
69,GET,7,32,3,5,7,0,0,15,16,0
70,GET,8,58,6,5,7,0,0,15,16,0
71,GET,9,231,1,65,7,0,0,15,16,0
72,GET,9,61,7,5,7,0,0,15,16,0
73,GET,9,66,7,5,7,0,0,15,16,0
74,GET,9,66,7,5,7,0,0,15,16,0
75,GET,9,65,7,5,7,0,0,15,16,0
76,GET,6,66,7,5,0,0,0,15,16,0
77,GET,9,77,7,5,7,0,0,15,16,0
78,GET,8,55,3,5,7,0,0,15,16,0
79,GET,8,53,3,5,7,0,0,15,16,0
80,GET,9,61,2,65,7,0,0,15,16,0
81,GET,8,177,2,5,7,0,0,15,16,0
82,GET,8,44,4,5,7,0,0,15,16,0
83,GET,8,235,2,16,7,0,0,15,16,0
84,POST,11,29,3,5,7,2540,0,15,16,0
85,GET,6,37,3,5,7,0,0,15,16,0
86,GET,8,86,4,5,7,0,0,15,16,0
87,GET,8,24,3,5,7,0,0,15,16,0
88,GET,8,21,2,5,7,0,0,15,16,0
89,GET,8,17,2,16,7,0,0,15,16,0
90,GET,6,21,2,5,7,0,0,15,16,0
91,GET,8,30,3,5,7,0,0,15,16,0
92,GET,8,71,6,5,7,0,0,15,16,0
93,GET,7,66,10,5,7,0,0,15,16,0
94,GET,8,71,6,5,7,0,0,15,16,0
95,GET,8,71,6,5,7,0,0,15,16,0
96,GET,8,71,6,5,7,0,0,15,16,0
97,GET,8,71,6,5,7,0,0,15,16,0
98,GET,8,71,6,5,7,0,0,15,16,0
99,GET,8,71,6,5,7,0,0,15,16,0
100,GET,8,71,6,5,7,0,0,15,16,0
101,GET,8,71,6,5,7,0,0,15,16,0
102,GET,8,71,6,5,7,0,0,15,16,0
103,GET,8,71,6,5,7,0,0,15,16,0
104,GET,8,71,6,5,7,0,0,15,16,0
105,GET,8,71,6,5,7,0,0,15,16,0
106,GET,8,71,6,5,7,0,0,15,16,0
107,GET,7,71,6,5,7,0,0,15,16,0
108,GET,8,71,6,5,7,0,0,15,16,0
109,GET,7,71,6,5,7,0,0,15,16,0
110,GET,8,71,6,5,7,0,0,15,16,0
111,GET,8,71,6,5,7,0,0,15,16,0
112,GET,8,71,6,5,7,0,0,15,16,0
113,GET,7,71,6,5,7,0,0,15,16,0
114,GET,8,71,6,5,7,0,0,15,16,0
115,GET,8,71,6,5,7,0,0,15,16,0
116,GET,7,71,6,5,7,0,0,15,16,0
117,GET,8,71,6,5,7,0,0,15,16,0
118,GET,8,71,6,5,7,0,0,15,16,0
119,GET,8,71,6,5,7,0,0,15,16,0
120,GET,8,71,6,5,7,0,0,15,16,0
121,GET,7,71,6,5,7,0,0,15,16,0
122,GET,8,71,6,5,7,0,0,15,16,0
123,GET,8,71,6,5,7,0,0,15,16,0
124,GET,8,71,6,5,7,0,0,15,16,0
125,GET,8,71,6,5,7,0,0,15,16,0
126,GET,7,71,6,5,7,0,0,15,16,0
127,GET,8,71,6,5,7,0,0,15,16,0
128,GET,8,71,6,5,7,0,0,15,16,0
129,GET,8,71,6,5,7,0,0,15,16,0
130,GET,8,71,6,5,7,0,0,15,16,0
131,GET,8,71,6,5,7,0,0,15,16,0
132,GET,7,71,6,5,7,0,0,15,16,0
133,GET,7,71,6,5,7,0,0,15,0,0
134,GET,8,71,6,5,7,0,0,15,16,0
135,GET,7,71,6,5,0,0,0,15,16,0
136,GET,8,71,6,5,7,0,0,15,16,0
137,GET,8,71,6,5,7,0,0,15,16,0
138,GET,8,71,6,5,7,0,0,15,16,0
139,GET,6,71,6,5,7,0,0,15,16,0
140,GET,8,71,6,5,7,0,0,15,16,0
141,GET,7,71,6,5,7,0,0,15,16,0
142,GET,8,71,6,5,7,0,0,15,16,0
143,GET,8,71,6,5,7,0,0,15,16,0
144,GET,8,71,6,5,7,0,0,15,16,0
145,GET,8,71,6,5,7,0,0,15,16,0
146,GET,8,71,6,5,7,0,0,15,16,0
147,GET,8,71,6,5,7,0,0,15,16,0
148,GET,8,71,6,5,7,0,0,15,16,0
149,GET,6,70,6,5,0,0,0,15,16,0
150,GET,8,71,6,5,7,0,0,15,16,0
151,GET,8,71,6,5,7,0,0,15,16,0
152,GET,8,80,10,5,7,0,0,15,16,0
153,GET,8,76,10,5,7,0,0,15,16,0
154,GET,8,80,10,5,7,0,0,15,16,0
155,GET,8,69,10,5,7,0,0,15,16,0
156,GET,8,65,10,5,7,0,0,15,16,0
157,GET,8,78,10,5,7,0,0,15,16,0
158,GET,8,78,10,5,7,0,0,15,16,0
159,GET,8,74,10,5,7,0,0,15,16,0
160,GET,6,72,10,5,7,0,0,15,16,0
161,GET,8,73,10,5,7,0,0,15,16,0
162,GET,8,66,10,5,7,0,0,15,16,0
163,GET,6,69,10,5,0,0,0,15,16,0
164,POST,20,90,4,5,7,694,18,15,16,0
165,GET,8,59,7,5,7,0,0,15,16,0
166,GET,8,53,9,5,7,0,0,15,16,0
167,GET,7,32,6,5,7,0,0,15,16,0
168,GET,8,65,10,5,7,0,0,15,16,0
169,GET,8,75,10,5,7,0,0,15,16,0
170,GET,8,69,10,5,7,0,0,15,16,0
171,GET,6,47,5,5,7,0,0,15,16,0
172,GET,9,48,7,104,7,0,0,15,16,0
173,GET,7,52,6,5,7,0,0,15,16,0
174,GET,8,49,6,5,7,0,0,15,16,0
175,GET,6,72,10,5,7,0,0,15,16,0
176,GET,8,66,8,5,7,0,0,15,16,0
177,GET,7,33,6,5,0,0,0,15,16,0
178,GET,8,55,7,16,7,0,0,15,16,0
179,GET,8,61,8,5,7,0,0,15,16,0
180,GET,7,84,3,5,7,0,0,15,16,0
181,GET,9,30,3,5,7,0,0,15,16,0
182,GET,9,44,4,5,7,0,0,15,16,0
183,GET,8,40,6,5,7,0,0,15,16,0
184,GET,9,40,5,48,7,0,0,15,16,0
185,GET,5,43,5,5,0,0,0,15,16,0
186,GET,8,54,6,5,7,0,0,15,16,0
187,GET,8,40,6,5,7,0,0,15,16,0
188,GET,8,66,7,5,7,0,0,15,16,0
189,GET,8,73,8,5,7,0,0,15,16,0
190,GET,5,53,7,5,0,0,0,15,16,0
191,GET,8,71,8,5,7,0,0,15,16,0
192,GET,8,69,7,5,7,0,0,15,16,0
193,GET,8,57,7,5,7,0,0,15,16,0
194,GET,8,64,7,5,7,0,0,15,16,0
195,GET,8,64,7,5,7,0,0,15,16,0
196,GET,8,61,8,5,7,0,0,15,16,0
197,GET,7,69,7,5,7,0,0,15,16,0
198,GET,8,68,7,5,7,0,0,15,16,0
199,GET,7,50,6,5,7,0,0,15,16,0
200,GET,8,38,6,5,7,0,0,15,16,0
201,GET,9,67,6,65,7,0,0,15,16,0
202,GET,8,76,7,65,7,0,0,15,16,0
203,GET,8,71,6,5,7,0,0,15,16,0
204,GET,8,71,6,5,7,0,0,15,16,0
205,GET,8,70,6,5,7,0,0,15,16,0
206,GET,8,71,6,5,7,0,0,15,16,0
207,POST,10,42,4,5,7,5378,18,15,16,0
208,GET,8,198,18,5,7,0,0,15,16,0
209,POST,20,90,4,5,7,544,18,15,16,0
210,GET,8,54,7,5,7,0,0,15,16,0
211,GET,7,54,7,5,7,0,0,15,16,0
212,GET,8,54,7,5,7,0,0,15,16,0
213,GET,8,54,7,5,7,0,0,15,16,0
214,GET,8,171,6,5,7,0,0,15,16,0
215,GET,8,176,6,5,7,0,0,15,16,0
216,GET,8,176,6,5,7,0,0,15,16,0
217,GET,5,175,6,5,0,0,0,15,16,0
218,GET,8,176,6,5,7,0,0,15,16,0
219,GET,8,187,6,5,7,0,0,15,16,0
220,GET,9,283,4,5,7,0,0,15,16,0
221,GET,8,76,3,16,7,0,0,15,16,0
222,GET,8,135,2,16,7,0,0,15,16,0
223,GET,7,79,6,5,7,0,0,15,16,0
224,GET,9,27,3,5,7,0,0,15,16,0
225,GET,8,32,6,5,7,0,0,15,16,0
226,GET,10,152,2,5,7,0,35,15,16,0
227,GET,7,60,4,5,7,0,0,15,16,0
228,GET,9,34,2,65,7,0,0,15,16,0
229,POST,20,90,4,5,7,20609,18,15,16,0
230,GET,8,44,4,5,0,0,0,15,16,0
231,GET,8,84,3,5,7,0,0,15,16,0
232,GET,9,153,3,5,7,0,35,15,16,0
233,GET,9,159,13,5,7,0,0,15,16,0
234,GET,10,150,2,5,7,0,35,15,16,0
235,GET,8,40,6,5,7,0,0,15,16,0
236,GET,6,43,6,5,7,0,0,15,16,0
237,GET,8,54,6,5,7,0,0,15,16,0
238,GET,8,40,6,5,7,0,0,15,16,0
239,GET,9,290,3,5,7,0,0,15,16,0
240,GET,8,66,10,5,7,0,0,15,16,0
241,GET,8,80,10,5,7,0,0,15,16,0
242,GET,9,56,5,5,7,0,0,15,16,0
243,GET,8,55,5,5,7,0,0,15,16,0
244,GET,8,76,10,5,7,0,0,15,16,0
245,GET,8,69,10,5,7,0,0,15,16,0
246,GET,8,80,10,5,7,0,0,15,16,0
247,GET,8,65,10,5,7,0,0,15,16,0
248,GET,5,78,10,0,7,0,0,15,16,0
249,GET,8,66,10,5,7,0,0,15,16,0
250,GET,8,73,10,5,7,0,0,15,16,0
251,GET,8,72,10,5,7,0,0,15,16,0
252,GET,7,74,10,5,7,0,0,15,16,0
253,GET,8,78,10,5,7,0,0,15,16,0
254,GET,9,104,5,5,7,0,0,15,16,0
255,GET,8,69,10,5,7,0,0,15,16,0
256,GET,8,387,6,5,7,0,0,15,16,0
257,GET,8,378,6,5,7,0,0,15,16,0
258,GET,8,51,4,5,7,0,0,15,16,0
259,GET,8,45,5,5,7,0,0,15,16,0
260,GET,8,45,7,5,7,0,0,15,16,0
261,GET,8,47,5,5,7,0,0,15,16,0
262,GET,8,69,10,5,7,0,0,15,16,0
263,GET,6,75,10,5,0,0,0,15,16,0
264,GET,9,45,5,65,7,0,0,15,16,0
265,GET,8,65,10,5,7,0,0,15,16,0
266,GET,9,63,7,48,7,0,0,15,16,0
267,GET,7,48,7,104,0,0,0,15,16,0
268,GET,9,42,3,104,7,0,0,15,16,0
269,GET,8,49,5,5,7,0,0,15,16,0
270,GET,7,52,5,5,7,0,0,15,16,0
271,GET,8,72,10,5,7,0,0,15,16,0
272,GET,8,66,8,5,7,0,0,15,16,0
273,GET,7,33,6,5,7,0,0,15,16,0
274,GET,8,66,8,16,7,0,0,15,16,0
275,GET,8,71,8,5,7,0,0,15,16,0
276,GET,9,101,4,5,7,0,0,15,16,0
277,GET,8,61,8,5,7,0,0,15,16,0
278,GET,8,75,8,5,7,0,0,15,16,0
279,GET,8,82,8,5,7,0,0,15,16,0
280,GET,8,40,5,48,7,0,0,15,16,0
281,GET,8,43,5,5,7,0,0,15,16,0
282,GET,8,66,8,5,7,0,0,15,16,0
283,GET,7,64,7,5,7,0,0,15,16,0
284,GET,8,71,8,5,7,0,0,15,16,0
285,GET,8,43,3,5,7,0,0,15,16,0
286,GET,8,73,8,5,7,0,0,15,16,0
287,GET,8,60,7,5,7,0,0,15,16,0
288,GET,8,58,7,5,7,0,0,15,16,0
289,GET,8,69,7,5,7,0,0,15,16,0
290,GET,7,51,7,5,7,0,0,15,16,0
291,GET,8,54,7,5,7,0,0,15,16,0
292,GET,7,50,7,5,0,0,0,15,16,0
293,GET,8,51,7,5,7,0,0,15,16,0
294,GET,8,48,7,5,7,0,0,15,16,0
295,GET,8,73,8,5,7,0,0,15,16,0
296,GET,8,70,6,5,7,0,0,15,16,0
297,GET,8,69,6,5,7,0,0,15,16,0
298,GET,7,54,5,5,7,0,0,15,16,0
299,GET,8,54,5,5,7,0,0,15,16,0
300,GET,8,70,6,5,7,0,0,15,16,0
301,GET,8,61,5,5,7,0,0,15,16,0
302,GET,8,62,5,5,7,0,0,15,16,0
303,GET,8,50,6,5,7,0,0,15,16,0
304,GET,8,38,6,5,7,0,0,15,16,0
305,POST,7,87,1,5,7,0,0,15,16,0
306,GET,10,143,4,65,7,0,0,15,16,0
307,GET,7,169,3,65,7,0,0,15,16,0
308,GET,8,266,2,65,7,0,0,15,16,0
309,GET,9,266,2,65,7,0,0,15,16,0
310,POST,8,91,1,5,7,0,0,15,16,0
311,GET,8,90,2,16,7,0,0,15,16,0
312,GET,8,233,3,65,7,0,0,15,16,0
313,GET,9,233,3,65,7,0,0,15,16,0
314,GET,8,158,3,5,7,0,0,15,16,0
315,GET,8,195,3,5,7,0,0,15,16,0
316,GET,7,30,4,16,7,0,0,15,16,0
317,GET,8,64,7,5,7,0,0,15,16,0
318,POST,9,81,2,5,7,0,0,15,16,0
319,GET,8,78,2,5,7,0,0,15,16,0
320,GET,8,40,1,16,7,0,0,15,16,0
321,GET,8,921,14,5,7,0,0,15,16,0
322,GET,8,846,14,5,7,0,0,15,16,0
323,POST,9,378,2,5,7,0,0,15,16,0
324,POST,10,137,2,5,7,0,26,15,16,0
325,GET,8,48,2,65,7,0,0,15,16,0
326,POST,12,77,4,5,7,634,18,15,16,0
327,GET,8,116,8,5,7,0,0,15,16,0
328,GET,9,24,3,5,7,0,0,15,16,0
329,GET,9,56,1,65,7,0,0,15,16,0
330,GET,8,27,2,16,7,0,0,15,16,0
331,GET,8,174,8,5,7,0,0,15,16,0
332,GET,7,132,8,5,7,0,0,15,16,0
333,GET,8,122,8,5,7,0,0,15,16,0
334,GET,8,144,8,5,7,0,0,15,16,0
335,GET,8,146,8,5,7,0,0,15,16,0
336,GET,8,104,8,5,7,0,0,15,16,0
337,GET,8,96,8,5,7,0,0,15,16,0
338,GET,7,116,8,5,7,0,0,15,16,0
339,GET,8,108,8,5,7,0,0,15,16,0
340,POST,9,86,1,5,7,0,0,15,16,0
341,GET,9,47,3,65,7,0,0,15,16,0
342,GET,9,106,1,65,7,0,0,15,16,0
343,POST,9,86,1,5,7,0,0,15,16,0
344,GET,7,84,3,5,7,0,0,15,16,0
345,GET,8,133,7,18,7,0,18,15,16,0
346,GET,8,83,6,18,7,0,18,15,16,0
347,GET,7,93,3,5,7,0,0,15,16,0
348,GET,8,120,7,18,7,0,18,15,16,0
349,GET,7,70,6,18,7,0,18,15,16,0
350,GET,9,62,7,5,7,0,0,15,16,0
351,POST,9,90,1,5,7,0,0,15,16,0
352,GET,8,178,4,16,7,0,0,15,16,0
353,GET,7,761,14,5,0,0,0,15,16,0
354,GET,8,754,14,5,7,0,0,15,16,0
355,GET,8,67,4,5,7,0,0,15,16,0
356,GET,6,159,3,5,7,0,0,15,16,0
357,GET,8,198,3,5,7,0,0,15,16,0
358,POST,7,80,2,0,7,0,0,15,16,0
359,GET,8,58,2,5,7,0,0,15,16,0
360,GET,8,722,14,5,7,0,0,15,16,0
361,GET,7,76,2,16,7,0,0,15,16,0
362,GET,8,647,14,5,7,0,0,15,16,0
363,POST,9,372,2,5,7,0,0,15,16,0
364,GET,7,337,12,5,7,0,0,15,16,0
365,POST,10,136,2,5,7,0,26,15,16,0
366,GET,8,192,11,5,7,0,0,15,16,0
367,GET,9,400,2,65,7,0,0,15,16,0
368,GET,8,142,3,5,7,0,0,15,16,0
369,GET,8,141,3,5,7,0,0,15,16,0
370,GET,8,140,3,5,7,0,0,15,16,0
371,GET,7,139,3,5,7,0,0,15,16,0
372,GET,8,138,3,5,7,0,0,15,16,0
373,GET,8,137,3,5,7,0,0,15,16,0
374,POST,9,119,2,5,7,0,0,15,16,0
375,GET,8,136,3,5,7,0,0,15,16,0
376,GET,7,178,4,16,0,0,0,15,16,0
377,GET,8,178,4,16,7,0,0,15,16,0
378,GET,8,178,4,16,7,0,0,15,16,0
379,GET,8,152,4,16,7,0,0,15,16,0
380,GET,8,122,4,16,7,0,0,15,16,0
381,GET,8,143,3,5,7,0,0,15,16,0
382,GET,8,30,4,16,7,0,0,15,16,0
383,GET,10,35,3,5,7,0,0,15,16,0
384,POST,7,338,2,5,7,0,0,15,16,0
385,POST,10,127,2,5,7,0,26,15,16,0
386,GET,8,141,3,16,7,0,0,15,16,0
387,GET,7,15,2,65,7,0,0,15,16,0
388,GET,9,61,3,5,7,0,0,15,16,0
389,GET,9,24,2,5,7,0,0,15,16,0
390,GET,5,50,4,5,0,0,0,15,16,0
391,GET,8,56,5,5,7,0,0,15,16,0
392,GET,7,77,6,5,7,0,0,15,16,0
393,GET,8,59,4,65,7,0,0,15,16,0
394,GET,7,15,2,65,7,0,0,15,16,0
395,POST,11,204,2,5,7,1861,88,15,16,0
396,GET,8,178,4,16,7,0,0,15,16,0
397,GET,7,178,4,16,7,0,0,15,16,0
398,GET,9,60,3,65,7,0,0,15,16,0
399,GET,8,178,4,16,7,0,0,15,16,0
400,GET,9,64,6,5,7,0,0,15,16,0
401,GET,9,64,6,5,7,0,0,15,16,0
402,GET,9,64,6,5,7,0,0,15,16,0
403,GET,8,152,4,16,7,0,0,15,16,0
404,GET,8,122,4,16,7,0,0,15,16,0
405,GET,7,64,6,5,0,0,0,15,16,0
406,GET,9,64,6,5,7,0,0,15,16,0
407,GET,8,64,6,5,7,0,0,15,16,0
408,GET,9,75,7,5,7,0,0,15,16,0
409,GET,9,64,6,5,7,0,0,15,16,0
410,GET,7,142,3,5,0,0,0,15,16,0
411,GET,8,30,4,16,7,0,0,15,16,0
412,GET,8,60,3,65,7,0,0,15,16,0
413,GET,8,414,14,5,7,0,0,15,16,0
414,GET,9,77,3,65,7,0,0,15,16,0
415,GET,8,187,15,5,7,0,0,15,16,0
416,POST,9,354,2,5,7,0,0,15,16,0
417,GET,10,23,2,5,7,0,0,15,16,0
418,GET,8,126,11,5,7,0,0,15,16,0
419,GET,7,60,3,5,7,0,0,15,16,0
420,GET,8,330,12,5,7,0,0,15,16,0
421,GET,9,65,3,5,7,0,0,15,16,0
422,POST,9,129,2,5,7,0,26,15,16,0
423,GET,8,141,3,16,7,0,0,15,16,0
424,GET,8,15,2,65,7,0,0,15,16,0
425,GET,7,27,3,5,0,0,0,15,16,0
426,GET,9,127,2,65,7,0,0,15,16,0
427,GET,9,77,2,65,7,0,0,15,16,0
428,GET,8,218,5,5,7,0,0,15,16,0
429,GET,7,81,5,5,7,0,0,15,16,0
430,GET,8,77,4,5,7,0,0,15,16,0
431,GET,8,150,7,5,7,0,0,15,16,0
432,GET,8,38,2,5,7,0,0,15,16,0
433,GET,8,42,3,5,7,0,0,15,16,0
434,GET,8,222,4,5,7,0,0,15,16,0
435,GET,6,37,4,65,7,0,0,15,16,0
436,GET,10,50,3,5,7,0,0,15,16,0
437,GET,10,54,3,5,7,0,0,15,16,0
438,GET,9,58,3,5,7,0,0,15,16,0
439,GET,10,51,3,5,7,0,0,15,16,0
440,GET,8,15,2,65,7,0,0,15,16,0
441,GET,9,150,13,5,7,0,0,15,16,0
442,POST,11,73,2,5,7,494,12,15,16,0
443,GET,6,162,3,0,7,0,26,10,0,0
444,GET,6,130,3,0,7,0,26,10,0,0
445,GET,6,95,3,0,7,0,26,10,0,0
446,GET,6,195,3,0,7,0,26,10,0,0
447,GET,6,118,3,0,7,0,26,10,0,0
448,GET,6,61,3,0,7,0,26,10,0,0
449,GET,6,220,3,0,7,0,26,10,0,0
450,GET,6,228,3,0,7,0,26,10,0,0
451,GET,6,267,3,0,7,0,26,10,0,0
452,GET,6,240,3,0,7,0,26,10,0,0
453,GET,6,148,3,0,7,0,26,10,0,0
454,GET,6,141,3,0,7,0,26,10,0,0
455,GET,6,213,3,0,7,0,26,10,0,0
456,GET,6,268,3,0,7,0,26,10,0,0
457,GET,6,61,3,0,7,0,26,10,0,0
458,GET,6,91,3,0,7,0,26,10,0,0
459,GET,6,266,3,0,7,0,26,10,0,0
460,GET,6,58,3,0,7,0,26,10,0,0
461,GET,6,47,3,0,7,0,26,10,0,0
462,GET,6,234,3,0,7,0,26,10,0,0
463,GET,6,200,3,0,7,0,26,10,0,0
464,GET,6,134,3,0,7,0,26,10,0,0
465,GET,6,143,3,0,7,0,26,10,0,0
466,GET,6,54,3,0,7,0,26,10,0,0
467,GET,6,250,3,0,7,0,26,10,0,0
468,GET,6,182,3,0,7,0,26,10,0,0
469,GET,6,169,3,0,7,0,26,10,0,0
470,GET,6,115,3,0,7,0,26,10,0,0
471,GET,6,89,3,0,7,0,26,10,0,0
472,GET,6,114,3,0,7,0,26,10,0,0
473,GET,6,160,3,0,7,0,26,10,0,0
474,GET,6,224,3,0,7,0,26,10,0,0
475,GET,6,212,3,0,7,0,26,10,0,0
476,GET,6,153,3,0,7,0,26,10,0,0
477,GET,6,190,3,0,7,0,26,10,0,0
478,GET,6,170,3,0,7,0,26,10,0,0
479,GET,6,269,3,0,7,0,26,10,0,0
480,GET,6,105,3,0,7,0,26,10,0,0
481,GET,6,232,3,0,7,0,26,10,0,0
482,GET,6,115,3,0,7,0,26,10,0,0
483,GET,6,217,3,0,7,0,26,10,0,0
484,GET,6,80,3,0,7,0,26,10,0,0
485,GET,6,155,3,0,7,0,26,10,0,0
486,GET,6,158,3,0,7,0,26,10,0,0
487,GET,6,168,3,0,7,0,26,10,0,0
488,GET,6,148,3,0,7,0,26,10,0,0
489,GET,6,229,3,0,7,0,26,10,0,0
490,GET,6,201,3,0,7,0,26,10,0,0
491,GET,6,101,3,0,7,0,26,10,0,0
492,GET,6,191,3,0,7,0,26,10,0,0
493,GET,6,80,3,0,7,0,26,10,0,0
494,GET,6,118,3,0,7,0,26,10,0,0
495,GET,6,146,3,0,7,0,26,10,0,0
496,GET,6,51,3,0,7,0,26,10,0,0
497,GET,6,129,3,0,7,0,26,10,0,0
498,GET,6,114,3,0,7,0,26,10,0,0
499,GET,6,239,3,0,7,0,26,10,0,0
500,GET,6,208,3,0,7,0,26,10,0,0
501,GET,6,67,3,0,7,0,26,10,0,0
502,GET,6,126,3,0,7,0,26,10,0,0
503,GET,6,224,3,0,7,0,26,10,0,0
504,GET,6,110,3,0,7,0,26,10,0,0
505,GET,6,51,3,0,7,0,26,10,0,0
506,GET,6,58,3,0,7,0,26,10,0,0
507,GET,6,227,3,0,7,0,26,10,0,0
508,GET,6,70,3,0,7,0,26,10,0,0
509,GET,6,242,3,0,7,0,26,10,0,0
510,GET,6,77,3,0,7,0,26,10,0,0
511,GET,6,70,3,0,7,0,26,10,0,0
512,GET,6,245,3,0,7,0,26,10,0,0
513,GET,6,110,3,0,7,0,26,10,0,0
514,GET,6,194,3,0,7,0,26,10,0,0
515,GET,6,178,3,0,7,0,26,10,0,0
516,GET,6,237,3,0,7,0,26,10,0,0
517,GET,6,258,3,0,7,0,26,10,0,0
518,GET,6,207,3,0,7,0,26,10,0,0
519,GET,6,249,3,0,7,0,26,10,0,0
520,GET,6,52,3,0,7,0,26,10,0,0
521,GET,6,187,3,0,7,0,26,10,0,0
522,GET,6,234,3,0,7,0,26,10,0,0
523,GET,6,76,3,0,7,0,26,10,0,0
524,GET,6,108,3,0,7,0,26,10,0,0
525,GET,6,92,3,0,7,0,26,10,0,0
526,GET,6,151,3,0,7,0,26,10,0,0
527,GET,6,170,3,0,7,0,26,10,0,0
528,GET,6,192,3,0,7,0,26,10,0,0
529,GET,6,147,3,0,7,0,26,10,0,0
530,GET,6,241,3,0,7,0,26,10,0,0
531,GET,6,180,3,0,7,0,26,10,0,0
532,GET,6,105,3,0,7,0,26,10,0,0
533,GET,6,109,3,0,7,0,26,10,0,0
534,GET,6,59,3,0,7,0,26,10,0,0
535,GET,6,139,3,0,7,0,26,10,0,0
536,GET,6,136,3,0,7,0,26,10,0,0
537,GET,6,178,3,0,7,0,26,10,0,0
538,GET,6,130,3,0,7,0,26,10,0,0
539,GET,6,229,3,0,7,0,26,10,0,0
540,GET,6,130,3,0,7,0,26,10,0,0
541,GET,6,192,3,0,7,0,26,10,0,0
542,GET,6,179,3,0,7,0,26,10,0,0
543,GET,5,19,2,0,12,0,0,0,0,0
544,GET,5,19,2,0,12,0,0,0,0,0
545,GET,5,19,2,0,12,0,0,0,0,0
546,GET,5,19,2,0,12,0,0,0,0,0
547,GET,5,19,2,0,12,0,0,0,0,0
548,GET,5,19,2,0,12,0,0,0,0,0
549,GET,5,19,2,0,12,0,0,0,0,0
550,GET,5,19,2,0,12,0,0,0,0,0
551,GET,5,19,2,0,12,0,0,0,0,0
552,GET,5,19,2,0,12,0,0,0,0,0
553,GET,5,19,2,0,12,0,0,0,0,0
554,GET,5,19,2,0,12,0,0,0,0,0
555,GET,5,19,2,0,12,0,0,0,0,0
556,GET,5,19,2,0,12,0,0,0,0,0
557,GET,5,19,2,0,12,0,0,0,0,0
558,GET,5,19,2,0,12,0,0,0,0,0
559,GET,5,19,2,0,12,0,0,0,0,0
560,GET,5,19,2,0,12,0,0,0,0,0
561,GET,5,19,2,0,12,0,0,0,0,0
562,GET,5,19,2,0,12,0,0,0,0,0
563,GET,5,19,2,0,12,0,0,0,0,0
564,GET,5,19,2,0,12,0,0,0,0,0
565,GET,5,19,2,0,12,0,0,0,0,0
566,GET,5,19,2,0,12,0,0,0,0,0
567,GET,5,19,2,0,12,0,0,0,0,0
568,GET,5,19,2,0,12,0,0,0,0,0
569,GET,5,19,2,0,12,0,0,0,0,0
570,GET,5,19,2,0,12,0,0,0,0,0
571,GET,5,19,2,0,12,0,0,0,0,0
572,GET,5,19,2,0,12,0,0,0,0,0
573,GET,5,19,2,0,12,0,0,0,0,0
574,GET,5,19,2,0,12,0,0,0,0,0
575,GET,5,19,2,0,12,0,0,0,0,0
576,GET,5,19,2,0,12,0,0,0,0,0
577,GET,5,19,2,0,12,0,0,0,0,0
578,GET,5,19,2,0,12,0,0,0,0,0
579,GET,5,19,2,0,12,0,0,0,0,0
580,GET,5,19,2,0,12,0,0,0,0,0
581,GET,5,19,2,0,12,0,0,0,0,0
582,GET,5,19,2,0,12,0,0,0,0,0
583,GET,5,19,2,0,12,0,0,0,0,0
584,GET,5,19,2,0,12,0,0,0,0,0
585,GET,5,19,2,0,12,0,0,0,0,0
586,GET,5,19,2,0,12,0,0,0,0,0
587,GET,5,19,2,0,12,0,0,0,0,0
588,GET,5,19,2,0,12,0,0,0,0,0
589,GET,5,19,2,0,12,0,0,0,0,0
590,GET,5,19,2,0,12,0,0,0,0,0
591,GET,5,19,2,0,12,0,0,0,0,0
592,GET,5,19,2,0,12,0,0,0,0,0
593,GET,5,19,2,0,12,0,0,0,0,0
594,GET,5,19,2,0,12,0,0,0,0,0
595,GET,5,19,2,0,12,0,0,0,0,0
596,GET,5,19,2,0,12,0,0,0,0,0
597,GET,5,19,2,0,12,0,0,0,0,0
598,GET,5,19,2,0,12,0,0,0,0,0
599,GET,5,19,2,0,12,0,0,0,0,0
600,GET,5,19,2,0,12,0,0,0,0,0
601,GET,5,19,2,0,12,0,0,0,0,0
602,GET,5,19,2,0,12,0,0,0,0,0
603,GET,5,19,2,0,12,0,0,0,0,0
604,GET,5,19,2,0,12,0,0,0,0,0
605,GET,5,19,2,0,12,0,0,0,0,0
606,GET,5,19,2,0,12,0,0,0,0,0
607,GET,5,19,2,0,12,0,0,0,0,0
608,GET,5,19,2,0,12,0,0,0,0,0
609,GET,5,19,2,0,12,0,0,0,0,0
610,GET,5,19,2,0,12,0,0,0,0,0
611,GET,5,19,2,0,12,0,0,0,0,0
612,GET,5,19,2,0,12,0,0,0,0,0
613,GET,5,19,2,0,12,0,0,0,0,0
614,GET,5,19,2,0,12,0,0,0,0,0
615,GET,5,19,2,0,12,0,0,0,0,0
616,GET,5,19,2,0,12,0,0,0,0,0
617,GET,5,19,2,0,12,0,0,0,0,0
618,GET,5,19,2,0,12,0,0,0,0,0
619,GET,5,19,2,0,12,0,0,0,0,0
620,GET,5,19,2,0,12,0,0,0,0,0
621,GET,5,19,2,0,12,0,0,0,0,0
622,GET,5,19,2,0,12,0,0,0,0,0
623,GET,5,19,2,0,12,0,0,0,0,0
624,GET,5,19,2,0,12,0,0,0,0,0
625,GET,5,19,2,0,12,0,0,0,0,0
626,GET,5,19,2,0,12,0,0,0,0,0
627,GET,5,19,2,0,12,0,0,0,0,0
628,GET,5,19,2,0,12,0,0,0,0,0
629,GET,5,19,2,0,12,0,0,0,0,0
630,GET,5,19,2,0,12,0,0,0,0,0
631,GET,5,19,2,0,12,0,0,0,0,0
632,GET,5,19,2,0,12,0,0,0,0,0
633,GET,5,19,2,0,12,0,0,0,0,0
634,GET,5,19,2,0,12,0,0,0,0,0
635,GET,5,19,2,0,12,0,0,0,0,0
636,GET,5,19,2,0,12,0,0,0,0,0
637,GET,5,19,2,0,12,0,0,0,0,0
638,GET,5,19,2,0,12,0,0,0,0,0
639,GET,5,19,2,0,12,0,0,0,0,0
640,GET,5,19,2,0,12,0,0,0,0,0
641,GET,5,19,2,0,12,0,0,0,0,0
642,GET,5,19,2,0,12,0,0,0,0,0
643,GET,5,23,2,0,12,0,0,0,0,38
644,GET,5,32,3,0,12,0,0,0,0,38
645,GET,5,28,3,0,12,0,0,0,0,38
646,GET,5,32,3,0,12,0,0,0,0,38
647,GET,5,23,2,0,12,0,0,0,0,38
648,GET,5,32,3,0,12,0,0,0,0,38
649,GET,5,23,2,0,12,0,0,0,0,38
650,GET,5,28,3,0,12,0,0,0,0,38
651,GET,5,23,2,0,12,0,0,0,0,38
652,GET,5,23,2,0,12,0,0,0,0,38
653,GET,5,28,3,0,12,0,0,0,0,38
654,GET,5,28,3,0,12,0,0,0,0,38
655,GET,5,23,2,0,12,0,0,0,0,38
656,GET,5,28,3,0,12,0,0,0,0,38
657,GET,5,32,3,0,12,0,0,0,0,38
658,GET,5,32,3,0,12,0,0,0,0,38
659,GET,5,32,3,0,12,0,0,0,0,38
660,GET,5,23,2,0,12,0,0,0,0,38
661,GET,5,28,3,0,12,0,0,0,0,38
662,GET,5,28,3,0,12,0,0,0,0,38
663,GET,5,32,3,0,12,0,0,0,0,38
664,GET,5,28,3,0,12,0,0,0,0,38
665,GET,5,32,3,0,12,0,0,0,0,38
666,GET,5,23,2,0,12,0,0,0,0,38
667,GET,5,23,2,0,12,0,0,0,0,38
668,GET,5,28,3,0,12,0,0,0,0,38
669,GET,5,28,3,0,12,0,0,0,0,38
670,GET,5,23,2,0,12,0,0,0,0,38
671,GET,5,32,3,0,12,0,0,0,0,38
672,GET,5,23,2,0,12,0,0,0,0,38
673,GET,5,28,3,0,12,0,0,0,0,38
674,GET,5,23,2,0,12,0,0,0,0,38
675,GET,5,23,2,0,12,0,0,0,0,38
676,GET,5,32,3,0,12,0,0,0,0,38
677,GET,5,23,2,0,12,0,0,0,0,38
678,GET,5,28,3,0,12,0,0,0,0,38
679,GET,5,28,3,0,12,0,0,0,0,38
680,GET,5,23,2,0,12,0,0,0,0,38
681,GET,5,28,3,0,12,0,0,0,0,38
682,GET,5,28,3,0,12,0,0,0,0,38
683,GET,5,23,2,0,12,0,0,0,0,38
684,GET,5,32,3,0,12,0,0,0,0,38
685,GET,5,28,3,0,12,0,0,0,0,38
686,GET,5,32,3,0,12,0,0,0,0,38
687,GET,5,23,2,0,12,0,0,0,0,38
688,GET,5,32,3,0,12,0,0,0,0,38
689,GET,5,32,3,0,12,0,0,0,0,38
690,GET,5,28,3,0,12,0,0,0,0,38
691,GET,5,32,3,0,12,0,0,0,0,38
692,GET,5,23,2,0,12,0,0,0,0,38
693,GET,5,28,3,0,12,0,0,0,0,38
694,GET,5,28,3,0,12,0,0,0,0,38
695,GET,5,23,2,0,12,0,0,0,0,38
696,GET,5,28,3,0,12,0,0,0,0,38
697,GET,5,32,3,0,12,0,0,0,0,38
698,GET,5,32,3,0,12,0,0,0,0,38
699,GET,5,23,2,0,12,0,0,0,0,38
700,GET,5,28,3,0,12,0,0,0,0,38
701,GET,5,23,2,0,12,0,0,0,0,38
702,GET,5,32,3,0,12,0,0,0,0,38
703,GET,5,23,2,0,12,0,0,0,0,38
704,GET,5,28,3,0,12,0,0,0,0,38
705,GET,5,32,3,0,12,0,0,0,0,38
706,GET,5,28,3,0,12,0,0,0,0,38
707,GET,5,28,3,0,12,0,0,0,0,38
708,GET,5,32,3,0,12,0,0,0,0,38
709,GET,5,28,3,0,12,0,0,0,0,38
710,GET,5,32,3,0,12,0,0,0,0,38
711,GET,5,28,3,0,12,0,0,0,0,38
712,GET,5,32,3,0,12,0,0,0,0,38
713,GET,5,28,3,0,12,0,0,0,0,38
714,GET,5,23,2,0,12,0,0,0,0,38
715,GET,5,23,2,0,12,0,0,0,0,38
716,GET,5,28,3,0,12,0,0,0,0,38
717,GET,5,32,3,0,12,0,0,0,0,38
718,GET,5,32,3,0,12,0,0,0,0,38
719,GET,5,23,2,0,12,0,0,0,0,38
720,GET,5,32,3,0,12,0,0,0,0,38
721,GET,5,32,3,0,12,0,0,0,0,38
722,GET,5,28,3,0,12,0,0,0,0,38
723,GET,5,32,3,0,12,0,0,0,0,38
724,GET,5,23,2,0,12,0,0,0,0,38
725,GET,5,32,3,0,12,0,0,0,0,38
726,GET,5,32,3,0,12,0,0,0,0,38
727,GET,5,32,3,0,12,0,0,0,0,38
728,GET,5,28,3,0,12,0,0,0,0,38
729,GET,5,23,2,0,12,0,0,0,0,38
730,GET,5,32,3,0,12,0,0,0,0,38
731,GET,5,32,3,0,12,0,0,0,0,38
732,GET,5,23,2,0,12,0,0,0,0,38
733,GET,5,32,3,0,12,0,0,0,0,38
734,GET,5,28,3,0,12,0,0,0,0,38
735,GET,5,28,3,0,12,0,0,0,0,38
736,GET,5,32,3,0,12,0,0,0,0,38
737,GET,5,23,2,0,12,0,0,0,0,38
738,GET,5,28,3,0,12,0,0,0,0,38
739,GET,5,23,2,0,12,0,0,0,0,38
740,GET,5,32,3,0,12,0,0,0,0,38
741,GET,5,23,2,0,12,0,0,0,0,38
742,GET,5,32,3,0,12,0,0,0,0,38
